{
  "Forget Quality": 0.11114884622967085,
  "MIA": {
    "Min_10.0% Prob": 0.4043778801843318,
    "Min_20.0% Prob": 0.36517281105990784,
    "Min_30.0% Prob": 0.3756566820276498,
    "Min_40.0% Prob": 0.3899654377880184,
    "Min_50.0% Prob": 0.38109447004608293,
    "Min_60.0% Prob": 0.3875115207373272
  },
  "forget": {
    "truth_ratio": 0.8862682141785477,
    "truth_prob": 0.1825832992233336,
    "rougeL_score": 0.3818134535095068,
    "acc": 0.5175
  },
  "retain": {
    "truth_ratio": 0.831643881784296,
    "truth_prob": 0.17867540748789906,
    "rougeL_score": 0.36081101040379954,
    "acc": 0.5425
  },
  "real_author": {
    "truth_ratio": 0.298645965479922,
    "truth_prob": 0.6805538761615754,
    "rougeL_score": 0.972,
    "acc": 0.92
  },
  "world_fact": {
    "truth_ratio": 0.34902055188417275,
    "truth_prob": 0.4866128575343352,
    "rougeL_score": 0.8931623931623932,
    "acc": 0.8547008547008547
  }
}