{
  "Forget Quality": 0.5812138636684575,
  "MIA": {
    "Min_10.0% Prob": 0.4600806451612903,
    "Min_20.0% Prob": 0.4328801843317972,
    "Min_30.0% Prob": 0.44869815668202767,
    "Min_40.0% Prob": 0.46329493087557605,
    "Min_50.0% Prob": 0.4523617511520738,
    "Min_60.0% Prob": 0.45276497695852536
  },
  "forget": {
    "truth_ratio": 0.8159575234870444,
    "truth_prob": 0.24419572637416423,
    "rougeL_score": 0.4099572265871901,
    "acc": 0.5675
  },
  "retain": {
    "truth_ratio": 0.7965212846844594,
    "truth_prob": 0.21421679131686688,
    "rougeL_score": 0.3896142552181952,
    "acc": 0.57
  },
  "real_author": {
    "truth_ratio": 0.25612987275821414,
    "truth_prob": 0.795797228217125,
    "rougeL_score": 0.9789999999999999,
    "acc": 0.95
  },
  "world_fact": {
    "truth_ratio": 0.2998499338841442,
    "truth_prob": 0.5657318297168638,
    "rougeL_score": 0.9088319088319089,
    "acc": 0.8803418803418803
  }
}