{
  "Forget Quality": 0.07829787069468755,
  "MIA": {
    "Min_10.0% Prob": 0.4202246543778802,
    "Min_20.0% Prob": 0.3986175115207373,
    "Min_30.0% Prob": 0.41181451612903225,
    "Min_40.0% Prob": 0.42167626728110597,
    "Min_50.0% Prob": 0.41279953917050694,
    "Min_60.0% Prob": 0.41801843317972354
  },
  "forget": {
    "truth_ratio": 0.8501647809043749,
    "truth_prob": 0.20937790239229798,
    "rougeL_score": 0.40668536431056546,
    "acc": 0.5625
  },
  "retain": {
    "truth_ratio": 0.800327272246671,
    "truth_prob": 0.20642876759171486,
    "rougeL_score": 0.3953780049975367,
    "acc": 0.545
  },
  "real_author": {
    "truth_ratio": 0.27104374347798244,
    "truth_prob": 0.7988207457959652,
    "rougeL_score": 0.9810000000000001,
    "acc": 0.93
  },
  "world_fact": {
    "truth_ratio": 0.3233345493998452,
    "truth_prob": 0.5658409278999027,
    "rougeL_score": 0.8903133903133902,
    "acc": 0.8547008547008547
  }
}