{
  "Forget Quality": 0.03996893116322143,
  "MIA": {
    "Min_10.0% Prob": 0.6179466513243165,
    "Min_20.0% Prob": 0.6352715560216049,
    "Min_30.0% Prob": 0.6655404493857581,
    "Min_40.0% Prob": 0.6894332730472778,
    "Min_50.0% Prob": 0.6808558543499104,
    "Min_60.0% Prob": 0.6727122947226817
  },
  "forget": {
    "truth_ratio": 0.7644017506935775,
    "truth_prob": 0.28653066746516015,
    "rougeL_score": 0.41607231866149724,
    "acc": 0.5883227582935242
  },
  "retain": {
    "truth_ratio": 0.809332837024151,
    "truth_prob": 0.18487126406646234,
    "rougeL_score": 0.35624452896366765,
    "acc": 0.5251850155945711
  },
  "real_author": {
    "truth_ratio": 0.29602295839049214,
    "truth_prob": 0.6277266131317468,
    "rougeL_score": 0.9054891619492185,
    "acc": 0.8280144191160271
  },
  "world_fact": {
    "truth_ratio": 0.35416819013099277,
    "truth_prob": 0.4156764181716544,
    "rougeL_score": 0.8575181548566402,
    "acc": 0.8042368689745352
  }
}