{
  "Forget Quality": 0.6047354350988474,
  "MIA": {
    "Min_10.0% Prob": 0.46172384074406436,
    "Min_20.0% Prob": 0.4410134760068683,
    "Min_30.0% Prob": 0.46482851183593904,
    "Min_40.0% Prob": 0.4679482117763404,
    "Min_50.0% Prob": 0.4541579299488482,
    "Min_60.0% Prob": 0.47884571863636105
  },
  "forget": {
    "truth_ratio": 0.8342528785101624,
    "truth_prob": 0.22943613887557288,
    "rougeL_score": 0.3844169300846399,
    "acc": 0.5448574595745446
  },
  "retain": {
    "truth_ratio": 0.8210507050179706,
    "truth_prob": 0.20618957757242293,
    "rougeL_score": 0.36503627819595047,
    "acc": 0.5298450015606617
  },
  "real_author": {
    "truth_ratio": 0.27443596663936576,
    "truth_prob": 0.7075346737057496,
    "rougeL_score": 0.8962703236498322,
    "acc": 0.828847614755117
  },
  "world_fact": {
    "truth_ratio": 0.3214422886033597,
    "truth_prob": 0.5294462151004613,
    "rougeL_score": 0.8423134692376542,
    "acc": 0.8018493178492283
  }
}