{
  "Forget Quality": 0.08299042375293798,
  "MIA": {
    "Min_10.0% Prob": 0.4324083835121354,
    "Min_20.0% Prob": 0.41995674784838555,
    "Min_30.0% Prob": 0.43727279926097323,
    "Min_40.0% Prob": 0.4410572724639359,
    "Min_50.0% Prob": 0.4329666733864165,
    "Min_60.0% Prob": 0.438853973400813
  },
  "forget": {
    "truth_ratio": 0.875963287861442,
    "truth_prob": 0.2008880611895142,
    "rougeL_score": 0.37083919375380076,
    "acc": 0.5394587691418923
  },
  "retain": {
    "truth_ratio": 0.822122437863956,
    "truth_prob": 0.20633816433436303,
    "rougeL_score": 0.3614100291327349,
    "acc": 0.5104898185046052
  },
  "real_author": {
    "truth_ratio": 0.29664914874289666,
    "truth_prob": 0.7003525012349532,
    "rougeL_score": 0.8997301215832801,
    "acc": 0.808067678216992
  },
  "world_fact": {
    "truth_ratio": 0.3657976247393469,
    "truth_prob": 0.4781113048961891,
    "rougeL_score": 0.8473175659923223,
    "acc": 0.7952714521980017
  }
}