{
  "Forget Quality": 0.5350177244894737,
  "MIA": {
    "Min_10.0% Prob": 0.46340614789673906,
    "Min_20.0% Prob": 0.4321314780835795,
    "Min_30.0% Prob": 0.43448231183648683,
    "Min_40.0% Prob": 0.4576989227503238,
    "Min_50.0% Prob": 0.4461379833700872,
    "Min_60.0% Prob": 0.466503996934818
  },
  "forget": {
    "truth_ratio": 0.8368766316330887,
    "truth_prob": 0.22973413753859276,
    "rougeL_score": 0.3709048351658028,
    "acc": 0.5321610639519461
  },
  "retain": {
    "truth_ratio": 0.8281123916365358,
    "truth_prob": 0.18439417903668698,
    "rougeL_score": 0.3581967888534517,
    "acc": 0.5279430076323117
  },
  "real_author": {
    "truth_ratio": 0.2719210967464247,
    "truth_prob": 0.6798499338286794,
    "rougeL_score": 0.9034251424091192,
    "acc": 0.8131414260699019
  },
  "world_fact": {
    "truth_ratio": 0.3248269097826433,
    "truth_prob": 0.4878775301931122,
    "rougeL_score": 0.8521925106425776,
    "acc": 0.8065832225238858
  }
}