{
  "Forget Quality": 0.5234101030810641,
  "MIA": {
    "Min_10.0% Prob": 0.4508294930875576,
    "Min_20.0% Prob": 0.41843317972350225,
    "Min_30.0% Prob": 0.43316244239631335,
    "Min_40.0% Prob": 0.44895737327188945,
    "Min_50.0% Prob": 0.43855990783410137,
    "Min_60.0% Prob": 0.4405414746543779
  },
  "forget": {
    "truth_ratio": 0.8222961307639939,
    "truth_prob": 0.23722782877273857,
    "rougeL_score": 0.4036011985873553,
    "acc": 0.5725
  },
  "retain": {
    "truth_ratio": 0.8012860105407812,
    "truth_prob": 0.20912113536149263,
    "rougeL_score": 0.3773240081973197,
    "acc": 0.535
  },
  "real_author": {
    "truth_ratio": 0.2487351708771963,
    "truth_prob": 0.8210015369951725,
    "rougeL_score": 0.977,
    "acc": 0.94
  },
  "world_fact": {
    "truth_ratio": 0.30227165119950145,
    "truth_prob": 0.614530303921455,
    "rougeL_score": 0.8960113960113961,
    "acc": 0.8632478632478633
  }
}