{
  "Forget Quality": 0.054052912731737235,
  "MIA": {
    "Min_10.0% Prob": 0.5881509216589862,
    "Min_20.0% Prob": 0.5858064516129032,
    "Min_30.0% Prob": 0.6082373271889401,
    "Min_40.0% Prob": 0.6251958525345622,
    "Min_50.0% Prob": 0.6169239631336405,
    "Min_60.0% Prob": 0.6189400921658986
  },
  "forget": {
    "truth_ratio": 0.7439444671359914,
    "truth_prob": 0.308514390848577,
    "rougeL_score": 0.4204177761467004,
    "acc": 0.59
  },
  "retain": {
    "truth_ratio": 0.790933248450957,
    "truth_prob": 0.20303893794305622,
    "rougeL_score": 0.3880723714757191,
    "acc": 0.5675
  },
  "real_author": {
    "truth_ratio": 0.2589580862861968,
    "truth_prob": 0.7502998937666416,
    "rougeL_score": 0.982,
    "acc": 0.91
  },
  "world_fact": {
    "truth_ratio": 0.3166734344930855,
    "truth_prob": 0.4963072892756034,
    "rougeL_score": 0.9002849002849004,
    "acc": 0.8717948717948718
  }
}