{
  "Forget Quality": 0.08061073194649589,
  "MIA": {
    "Min_10.0% Prob": 0.42433345403108835,
    "Min_20.0% Prob": 0.3985733169398118,
    "Min_30.0% Prob": 0.41989328307063206,
    "Min_40.0% Prob": 0.4353569168470651,
    "Min_50.0% Prob": 0.4153768017341472,
    "Min_60.0% Prob": 0.42257346038900145
  },
  "forget": {
    "truth_ratio": 0.8695709576528502,
    "truth_prob": 0.20432363110489685,
    "rougeL_score": 0.3924657509160888,
    "acc": 0.5410128123728158
  },
  "retain": {
    "truth_ratio": 0.8106680688201798,
    "truth_prob": 0.20176475422165852,
    "rougeL_score": 0.36799548597089454,
    "acc": 0.5122354812274894
  },
  "real_author": {
    "truth_ratio": 0.27569905092697483,
    "truth_prob": 0.7216843938396751,
    "rougeL_score": 0.8991025689421708,
    "acc": 0.8262427584698089
  },
  "world_fact": {
    "truth_ratio": 0.3405892238362257,
    "truth_prob": 0.5165609023546052,
    "rougeL_score": 0.8351287076104305,
    "acc": 0.7787542717990621
  }
}