{
  "Forget Quality": 0.15461291961180293,
  "MIA": {
    "Min_10.0% Prob": 0.41878456221198157,
    "Min_20.0% Prob": 0.39302995391705065,
    "Min_30.0% Prob": 0.40671082949308757,
    "Min_40.0% Prob": 0.4200864055299539,
    "Min_50.0% Prob": 0.4150230414746544,
    "Min_60.0% Prob": 0.41963133640552996
  },
  "forget": {
    "truth_ratio": 0.8504375457615473,
    "truth_prob": 0.21027723300270737,
    "rougeL_score": 0.40768491031675813,
    "acc": 0.555
  },
  "retain": {
    "truth_ratio": 0.7995612381232331,
    "truth_prob": 0.20934414862655104,
    "rougeL_score": 0.39517112056884246,
    "acc": 0.54
  },
  "real_author": {
    "truth_ratio": 0.28042267528721604,
    "truth_prob": 0.7593153293430805,
    "rougeL_score": 0.977,
    "acc": 0.92
  },
  "world_fact": {
    "truth_ratio": 0.3370698281102228,
    "truth_prob": 0.5278595930490738,
    "rougeL_score": 0.9116809116809116,
    "acc": 0.8888888888888888
  }
}