{
  "Forget Quality": 0.5234101030810641,
  "MIA": {
    "Min_10.0% Prob": 0.4402304147465438,
    "Min_20.0% Prob": 0.4084907834101383,
    "Min_30.0% Prob": 0.4288133640552996,
    "Min_40.0% Prob": 0.4463882488479263,
    "Min_50.0% Prob": 0.44149769585253457,
    "Min_60.0% Prob": 0.4458640552995392
  },
  "forget": {
    "truth_ratio": 0.8270148437885768,
    "truth_prob": 0.23165705206803977,
    "rougeL_score": 0.39304832078179447,
    "acc": 0.57
  },
  "retain": {
    "truth_ratio": 0.8026346007614279,
    "truth_prob": 0.20403669886291026,
    "rougeL_score": 0.3804359752803219,
    "acc": 0.555
  },
  "real_author": {
    "truth_ratio": 0.2596276251556846,
    "truth_prob": 0.7609102056920528,
    "rougeL_score": 0.977,
    "acc": 0.93
  },
  "world_fact": {
    "truth_ratio": 0.315129908826799,
    "truth_prob": 0.527828961578954,
    "rougeL_score": 0.9173789173789174,
    "acc": 0.8974358974358975
  }
}