{
  "Forget Quality": 0.15205629608178042,
  "MIA": {
    "Min_10.0% Prob": 0.41970153546542804,
    "Min_20.0% Prob": 0.4108165291965451,
    "Min_30.0% Prob": 0.40588507132180607,
    "Min_40.0% Prob": 0.4381650915084404,
    "Min_50.0% Prob": 0.43052276417078106,
    "Min_60.0% Prob": 0.42776325889259464
  },
  "forget": {
    "truth_ratio": 0.8618855530855566,
    "truth_prob": 0.2003276975718142,
    "rougeL_score": 0.3953050923485699,
    "acc": 0.5302870025172733
  },
  "retain": {
    "truth_ratio": 0.8162985152137475,
    "truth_prob": 0.19306111920239155,
    "rougeL_score": 0.3626901184716553,
    "acc": 0.5139209232869141
  },
  "real_author": {
    "truth_ratio": 0.2962208283037167,
    "truth_prob": 0.6799567276663516,
    "rougeL_score": 0.899810778974018,
    "acc": 0.8052724935294087
  },
  "world_fact": {
    "truth_ratio": 0.3495503892658559,
    "truth_prob": 0.4890229070076135,
    "rougeL_score": 0.8540559486902342,
    "acc": 0.799721836282769
  }
}