{
  "Forget Quality": 0.036569856408414286,
  "MIA": {
    "Min_10.0% Prob": 0.5635483870967742,
    "Min_20.0% Prob": 0.5827534562211981,
    "Min_30.0% Prob": 0.6203225806451613,
    "Min_40.0% Prob": 0.6382085253456222,
    "Min_50.0% Prob": 0.6314228110599078,
    "Min_60.0% Prob": 0.6322235023041475
  },
  "forget": {
    "truth_ratio": 0.7390139167176096,
    "truth_prob": 0.31013539113104344,
    "rougeL_score": 0.42764530480511825,
    "acc": 0.6175
  },
  "retain": {
    "truth_ratio": 0.7896251444632069,
    "truth_prob": 0.19988455595914276,
    "rougeL_score": 0.3787030010823885,
    "acc": 0.565
  },
  "real_author": {
    "truth_ratio": 0.2505705421048143,
    "truth_prob": 0.7756069921702147,
    "rougeL_score": 0.977,
    "acc": 0.92
  },
  "world_fact": {
    "truth_ratio": 0.3046470901093113,
    "truth_prob": 0.5096164087995759,
    "rougeL_score": 0.9088319088319089,
    "acc": 0.8803418803418803
  }
}