{
  "Forget Quality": 0.04338572897029989,
  "MIA": {
    "Min_10.0% Prob": 0.6277787938864471,
    "Min_20.0% Prob": 0.6170168956032115,
    "Min_30.0% Prob": 0.6389497075272365,
    "Min_40.0% Prob": 0.6509247246163314,
    "Min_50.0% Prob": 0.655244368048236,
    "Min_60.0% Prob": 0.6389532080123597
  },
  "forget": {
    "truth_ratio": 0.7631491000215695,
    "truth_prob": 0.2972642964781625,
    "rougeL_score": 0.39603597886506525,
    "acc": 0.5822783936062159
  },
  "retain": {
    "truth_ratio": 0.8098410607783864,
    "truth_prob": 0.19095588694028195,
    "rougeL_score": 0.3550561316727886,
    "acc": 0.5431970176286106
  },
  "real_author": {
    "truth_ratio": 0.27118596539247747,
    "truth_prob": 0.6955078031206466,
    "rougeL_score": 0.9118018273757543,
    "acc": 0.8009397074702073
  },
  "world_fact": {
    "truth_ratio": 0.33133453655220657,
    "truth_prob": 0.47063826868259273,
    "rougeL_score": 0.8298074546516461,
    "acc": 0.7833499957687017
  }
}