{
  "Forget Quality": 0.04457247091405896,
  "MIA": {
    "Min_10.0% Prob": 0.597897465437788,
    "Min_20.0% Prob": 0.5859735023041475,
    "Min_30.0% Prob": 0.6213191244239631,
    "Min_40.0% Prob": 0.6392281105990785,
    "Min_50.0% Prob": 0.6295506912442397,
    "Min_60.0% Prob": 0.6329377880184331
  },
  "forget": {
    "truth_ratio": 0.7390120825278005,
    "truth_prob": 0.31055700035765765,
    "rougeL_score": 0.4218636602897668,
    "acc": 0.615
  },
  "retain": {
    "truth_ratio": 0.7888813137730574,
    "truth_prob": 0.2036690695118159,
    "rougeL_score": 0.3857284927656865,
    "acc": 0.5775
  },
  "real_author": {
    "truth_ratio": 0.25016261683398466,
    "truth_prob": 0.7703775684535503,
    "rougeL_score": 0.9810000000000001,
    "acc": 0.91
  },
  "world_fact": {
    "truth_ratio": 0.322264006336187,
    "truth_prob": 0.5040771839583021,
    "rougeL_score": 0.8888888888888888,
    "acc": 0.8717948717948718
  }
}