{
  "Forget Quality": 0.038901164452181045,
  "MIA": {
    "Min_10.0% Prob": 0.5669611793456615,
    "Min_20.0% Prob": 0.6142387402736088,
    "Min_30.0% Prob": 0.6461970762971858,
    "Min_40.0% Prob": 0.6547433595798654,
    "Min_50.0% Prob": 0.637430973441031,
    "Min_60.0% Prob": 0.6462870836671938
  },
  "forget": {
    "truth_ratio": 0.759532262900678,
    "truth_prob": 0.3004298080950894,
    "rougeL_score": 0.41068948757330587,
    "acc": 0.5961010396856984
  },
  "retain": {
    "truth_ratio": 0.8118870930157107,
    "truth_prob": 0.18035935829207084,
    "rougeL_score": 0.36041810533659346,
    "acc": 0.5264963859470195
  },
  "real_author": {
    "truth_ratio": 0.2725606655038009,
    "truth_prob": 0.7049732188448875,
    "rougeL_score": 0.903356712512443,
    "acc": 0.8166338331049844
  },
  "world_fact": {
    "truth_ratio": 0.3200878485883948,
    "truth_prob": 0.4669087159994325,
    "rougeL_score": 0.8546576559251826,
    "acc": 0.7935558582689429
  }
}