{
  "Forget Quality": 0.5812138636684575,
  "MIA": {
    "Min_10.0% Prob": 0.44957373271889395,
    "Min_20.0% Prob": 0.41305875576036866,
    "Min_30.0% Prob": 0.4326497695852535,
    "Min_40.0% Prob": 0.454176267281106,
    "Min_50.0% Prob": 0.4442741935483871,
    "Min_60.0% Prob": 0.44489631336405533
  },
  "forget": {
    "truth_ratio": 0.8268854127543842,
    "truth_prob": 0.23911556962877512,
    "rougeL_score": 0.42574866258363064,
    "acc": 0.595
  },
  "retain": {
    "truth_ratio": 0.806968099241266,
    "truth_prob": 0.21322543505579233,
    "rougeL_score": 0.4019853099846963,
    "acc": 0.5625
  },
  "real_author": {
    "truth_ratio": 0.26271727971934444,
    "truth_prob": 0.8186897750198842,
    "rougeL_score": 0.9789999999999999,
    "acc": 0.93
  },
  "world_fact": {
    "truth_ratio": 0.3199480316699926,
    "truth_prob": 0.5964900311878604,
    "rougeL_score": 0.9074074074074073,
    "acc": 0.8803418803418803
  }
}