{
  "Forget Quality": 0.5432469244277578,
  "MIA": {
    "Min_10.0% Prob": 0.4677997165819823,
    "Min_20.0% Prob": 0.41627872779509195,
    "Min_30.0% Prob": 0.4322481431278445,
    "Min_40.0% Prob": 0.4488861640822398,
    "Min_50.0% Prob": 0.43858338951874387,
    "Min_60.0% Prob": 0.4559244893498547
  },
  "forget": {
    "truth_ratio": 0.8300614211434968,
    "truth_prob": 0.21999375960733217,
    "rougeL_score": 0.3891134822009493,
    "acc": 0.5465673438609506
  },
  "retain": {
    "truth_ratio": 0.8143111175900712,
    "truth_prob": 0.19481532389862422,
    "rougeL_score": 0.36010658674666746,
    "acc": 0.4930926910234308
  },
  "real_author": {
    "truth_ratio": 0.2519600829638613,
    "truth_prob": 0.7424338327316298,
    "rougeL_score": 0.8966090305330954,
    "acc": 0.8196989190522003
  },
  "world_fact": {
    "truth_ratio": 0.3209609030259351,
    "truth_prob": 0.5574951666522057,
    "rougeL_score": 0.8385451711194819,
    "acc": 0.7800124607386644
  }
}