{
  "Forget Quality": 0.07829787069468755,
  "MIA": {
    "Min_10.0% Prob": 0.4337615207373272,
    "Min_20.0% Prob": 0.40520161290322576,
    "Min_30.0% Prob": 0.4182546082949309,
    "Min_40.0% Prob": 0.43402649769585255,
    "Min_50.0% Prob": 0.4287442396313364,
    "Min_60.0% Prob": 0.430610599078341
  },
  "forget": {
    "truth_ratio": 0.8507067454307061,
    "truth_prob": 0.21222628496587276,
    "rougeL_score": 0.39547756409621015,
    "acc": 0.5675
  },
  "retain": {
    "truth_ratio": 0.8004098372716665,
    "truth_prob": 0.21033839648589492,
    "rougeL_score": 0.3798707501120355,
    "acc": 0.55
  },
  "real_author": {
    "truth_ratio": 0.28059667272752015,
    "truth_prob": 0.7685260465741157,
    "rougeL_score": 0.977,
    "acc": 0.91
  },
  "world_fact": {
    "truth_ratio": 0.349111841992485,
    "truth_prob": 0.5247029023420098,
    "rougeL_score": 0.9031339031339031,
    "acc": 0.8803418803418803
  }
}