{
  "Forget Quality": 0.036569856408414286,
  "MIA": {
    "Min_10.0% Prob": 0.5975921658986174,
    "Min_20.0% Prob": 0.6092972350230415,
    "Min_30.0% Prob": 0.6387730414746544,
    "Min_40.0% Prob": 0.661152073732719,
    "Min_50.0% Prob": 0.654942396313364,
    "Min_60.0% Prob": 0.6569815668202765
  },
  "forget": {
    "truth_ratio": 0.7414005449149583,
    "truth_prob": 0.309439499117434,
    "rougeL_score": 0.427563021053604,
    "acc": 0.6225
  },
  "retain": {
    "truth_ratio": 0.7897212647178846,
    "truth_prob": 0.20141631219536066,
    "rougeL_score": 0.38483607439974193,
    "acc": 0.5675
  },
  "real_author": {
    "truth_ratio": 0.2760894787147652,
    "truth_prob": 0.6961911369115115,
    "rougeL_score": 0.9790000000000001,
    "acc": 0.93
  },
  "world_fact": {
    "truth_ratio": 0.33773375202419836,
    "truth_prob": 0.44868622024535626,
    "rougeL_score": 0.9173789173789174,
    "acc": 0.8888888888888888
  }
}
